{"cameraMode":{"drawMode":0,"name":"Shaded","section":"Shading Mode"},"sceneLighting":true,"audioPlay":false,"sceneViewState":{"showFog":false,"showMaterialUpdate":true,"showSkybox":false,"showFlares":true,"showImageEffects":true,"showParticleSystems":true},"in2DMode":false,"pivot":{"x":384.0645751953125,"y":499.2286071777344,"z":2.5562071800231935},"rotation":{"x":-0.09167870879173279,"y":0.006569375284016132,"z":-0.0006048010545782745,"w":-0.9957667589187622},"size":366.25311279296877,"orthographic":false}